{
    "Version": "2012-10-17",
    "Statement": 
        {
            "Action": [
                "ecr:CreateRepository",
                "ecr:BatchCheckLayerAvailability",
                "ecr:CompleteLayerUpload",
                "ecr:GetAuthorizationToken",
                "ecr:InitiateLayerUpload",
                "ecr:PutImage",
                "ecr:UploadLayerPart"
            ],
            "Resource": "*",
            "Effect": "Allow"
        }
        
        
    
}